{
    "encryption": {
        "dt": 1.0,
        "rf": 1.0,
        "svc": 1.0
    },
    "resolution": {
        "dt": 0.36110576923076926,
        "rf": 0.3114903846153846,
        "svc": 0.31769230769230766
    },
    "streaming": {
        "dt": 0.34543269230769236,
        "rf": 0.29937500000000006,
        "svc": 0.2683653846153846
    },
    "transport": {
        "dt": 0.7161057692307692,
        "rf": 0.8025480769230768,
        "svc": 0.7438461538461538
    }
}