{
    "encryption": {
        "rf": 1.0,
        "svc": 1.0,
        "xgb": 0.9846153846153847
    },
    "resolution": {
        "rf": 0.35384615384615387,
        "svc": 0.36923076923076925,
        "xgb": 0.3076923076923077
    },
    "streaming": {
        "rf": 0.27692307692307694,
        "svc": 0.26153846153846155,
        "xgb": 0.4
    },
    "transport": {
        "rf": 0.7538461538461538,
        "svc": 0.676923076923077,
        "xgb": 0.8615384615384616
    }
}