{
    "encryption": {
        "rf": 1.0,
        "svc": 1.0,
        "xgb": 1.0
    },
    "resolution": {
        "rf": 0.26666666666666666,
        "svc": 0.2,
        "xgb": 0.5333333333333333
    },
    "transport": {
        "rf": 0.9333333333333333,
        "svc": 0.4666666666666667,
        "xgb": 0.7333333333333333
    }
}