{
    "encryption": [
        [
            0.0,
            1.0
        ],
        [
            0.1,
            1.0
        ],
        [
            0.2,
            1.0
        ],
        [
            0.30000000000000004,
            1.0
        ],
        [
            0.4,
            1.0
        ],
        [
            0.5,
            1.0
        ],
        [
            0.6000000000000001,
            1.0
        ],
        [
            0.7000000000000001,
            1.0
        ],
        [
            0.8,
            1.0
        ],
        [
            0.9,
            0.9538461538461539
        ]
    ],
    "resolution": [
        [
            0.0,
            0.35384615384615387
        ],
        [
            0.1,
            0.3230769230769231
        ],
        [
            0.2,
            0.26153846153846155
        ],
        [
            0.30000000000000004,
            0.3230769230769231
        ],
        [
            0.4,
            0.27692307692307694
        ],
        [
            0.5,
            0.4
        ],
        [
            0.6000000000000001,
            0.24615384615384617
        ],
        [
            0.7000000000000001,
            0.35384615384615387
        ],
        [
            0.8,
            0.4461538461538462
        ],
        [
            0.9,
            0.2923076923076923
        ]
    ],
    "streaming": [
        [
            0.0,
            0.27692307692307694
        ],
        [
            0.1,
            0.24615384615384617
        ],
        [
            0.2,
            0.36923076923076925
        ],
        [
            0.30000000000000004,
            0.36923076923076925
        ],
        [
            0.4,
            0.26153846153846155
        ],
        [
            0.5,
            0.3230769230769231
        ],
        [
            0.6000000000000001,
            0.3076923076923077
        ],
        [
            0.7000000000000001,
            0.36923076923076925
        ],
        [
            0.8,
            0.35384615384615387
        ],
        [
            0.9,
            0.4307692307692308
        ]
    ],
    "transport": [
        [
            0.0,
            0.7538461538461538
        ],
        [
            0.1,
            0.7846153846153846
        ],
        [
            0.2,
            0.7692307692307693
        ],
        [
            0.30000000000000004,
            0.7076923076923077
        ],
        [
            0.4,
            0.7538461538461538
        ],
        [
            0.5,
            0.6923076923076923
        ],
        [
            0.6000000000000001,
            0.5846153846153846
        ],
        [
            0.7000000000000001,
            0.5538461538461539
        ],
        [
            0.8,
            0.4
        ],
        [
            0.9,
            0.5076923076923077
        ]
    ]
}