{
    "encryption": {
        "rf": 0.5,
        "svc": 0.5,
        "xgb": 0.5
    },
    "resolution": {
        "rf": 0.3148148148148148,
        "svc": 0.3888888888888889,
        "xgb": 0.27314814814814814
    },
    "transport": {
        "rf": 0.38425925925925924,
        "svc": 0.5231481481481481,
        "xgb": 0.30092592592592593
    }
}