{
    "encryption": {
        "dt": 0.46676923076923055,
        "rf": 0.5440000000000006,
        "svc": 0.555692307692308
    },
    "resolution": {
        "dt": 0.38507692307692276,
        "rf": 0.30246153846153806,
        "svc": 0.32584615384615345
    },
    "streaming": {
        "dt": 0.3263076923076919,
        "rf": 0.31984615384615345,
        "svc": 0.3418461538461534
    },
    "transport": {
        "dt": 0.15676923076923055,
        "rf": 0.302307692307692,
        "svc": 0.3004615384615381
    }
}