{
    "encryption": {
        "dt": 0.6129230769230766,
        "rf": 0.6153846153846146,
        "svc": 0.6112307692307687
    },
    "resolution": {
        "dt": 0.3359999999999996,
        "rf": 0.33646153846153803,
        "svc": 0.3167692307692303
    },
    "streaming": {
        "dt": 0.335538461538461,
        "rf": 0.3453846153846149,
        "svc": 0.3296923076923073
    },
    "transport": {
        "dt": 0.2727692307692304,
        "rf": 0.282307692307692,
        "svc": 0.2961538461538458
    }
}