{
    "encryption": {
        "rf": 0.6944444444444444,
        "svc": 0.8194444444444444,
        "xgb": 0.5416666666666666
    },
    "resolution": {
        "rf": 0.375,
        "svc": 0.4305555555555556,
        "xgb": 0.375
    },
    "transport": {
        "rf": 0.4861111111111111,
        "svc": 0.5,
        "xgb": 0.3055555555555556
    }
}