{
    "encryption": {
        "rf": 0.5833333333333334,
        "svc": 0.5833333333333334,
        "xgb": 0.5833333333333334
    },
    "resolution": {
        "rf": 0.41975308641975306,
        "svc": 0.4783950617283951,
        "xgb": 0.35185185185185186
    },
    "streaming": {
        "rf": 0.4567901234567901,
        "svc": 0.4691358024691358,
        "xgb": 0.4104938271604938
    },
    "transport": {
        "rf": 0.29012345679012347,
        "svc": 0.32407407407407407,
        "xgb": 0.2993827160493827
    }
}